{"cameraMode":{"drawMode":0,"name":"Shaded","section":"Shading Mode"},"sceneLighting":false,"audioPlay":false,"sceneViewState":{"m_AlwaysRefresh":false,"showFog":true,"showSkybox":true,"showFlares":true,"showImageEffects":true,"showParticleSystems":true,"showVisualEffectGraphs":true,"m_FxEnabled":true},"in2DMode":false,"pivot":{"x":0.686686098575592,"y":-9.794614791870118,"z":17.234071731567384},"rotation":{"x":-0.26837167143821719,"y":-0.02633953094482422,"z":0.007357508409768343,"w":-0.9629212617874146},"size":11.14230728149414,"orthographic":false}